<?xml version="1.0" encoding="UTF-8" ?>
<document>
<!--The data in this file is primarily intended for consumption by Xilinx tools.
The structure and the elements are likely to change over the next few releases.
This means code written to parse this file will need to be revisited each subsequent release.-->
<application name="pn" timeStamp="Thu Jan 16 21:19:29 2014">
<section name="Project Information" visible="false">
<property name="ProjectID" value="6EFD0F5331EB4FEDA48AD4B2C7F24231" type="project"/>
<property name="ProjectIteration" value="17" type="project"/>
<property name="ProjectFile" value="E:/Dropbox/Works and collections/Elec/Rice/PDL/Hardware/code/PDL.xise" type="project"/>
<property name="ProjectCreationTimestamp" value="2014-01-11T16:33:09" type="project"/>
</section>
<section name="Project Statistics" visible="true">
<property name="PROP_Board" value="" type="process"/>
<property name="PROP_Enable_Message_Filtering" value="false" type="design"/>
<property name="PROP_FitterReportFormat" value="HTML" type="process"/>
<property name="PROP_LastAppliedGoal" value="Balanced" type="design"/>
<property name="PROP_LastAppliedStrategy" value="Xilinx Default (unlocked)" type="design"/>
<property name="PROP_ManualCompileOrderImp" value="false" type="design"/>
<property name="PROP_PropSpecInProjFile" value="Store all values" type="design"/>
<property name="PROP_Simulator" value="ISim (VHDL/Verilog)" type="design"/>
<property name="PROP_SynthTopFile" value="changed" type="process"/>
<property name="PROP_Top_Level_Module_Type" value="HDL" type="design"/>
<property name="PROP_UseSmartGuide" value="false" type="design"/>
<property name="PROP_UserConstraintEditorPreference" value="Text Editor" type="process"/>
<property name="PROP_intProjectCreationTimestamp" value="2014-01-11T16:33:09" type="design"/>
<property name="PROP_intWbtProjectID" value="6EFD0F5331EB4FEDA48AD4B2C7F24231" type="design"/>
<property name="PROP_intWbtProjectIteration" value="17" type="process"/>
<property name="PROP_intWorkingDirLocWRTProjDir" value="Same" type="design"/>
<property name="PROP_intWorkingDirUsed" value="No" type="design"/>
<property name="PROP_lastSelectedUcfFile" value="E:/Dropbox/Works and collections/Elec/Rice/PDL/constraints/XUPV5system.ucf" type="process"/>
<property name="PROP_lockPinsUcfFile" value="changed" type="process"/>
<property name="PROP_xstEquivRegRemoval" value="false" type="process"/>
<property name="PROP_AutoTop" value="true" type="design"/>
<property name="PROP_DevFamily" value="Virtex5" type="design"/>
<property name="PROP_ibiswriterOutputFile" value="pufMapping" type="process"/>
<property name="PROP_DevDevice" value="xc5vlx110t" type="design"/>
<property name="PROP_DevFamilyPMName" value="virtex5" type="design"/>
<property name="PROP_DevPackage" value="ff1136" type="design"/>
<property name="PROP_Synthesis_Tool" value="XST (VHDL/Verilog)" type="design"/>
<property name="PROP_DevSpeed" value="-1" type="design"/>
<property name="PROP_PreferredLanguage" value="Verilog" type="design"/>
<property name="PROP_netgenPostMapSimModelName" value="pufMapping_map.v" type="process"/>
<property name="PROP_netgenPostParSimModelName" value="pufMapping_timesim.v" type="process"/>
<property name="PROP_netgenPostSynthesisSimModelName" value="pufMapping_synthesis.v" type="process"/>
<property name="PROP_netgenPostXlateSimModelName" value="pufMapping_translate.v" type="process"/>
<property name="FILE_COREGEN" value="3" type="source"/>
<property name="FILE_UCF" value="3" type="source"/>
<property name="FILE_VERILOG" value="18" type="source"/>
</section>
</application>
</document>
